ID,Case Number,Date,Block,IUCR,Primary Type,Description,Location Description,Arrest,Domestic,Beat,District,Ward,Community Area,FBI Code,X Coordinate,Y Coordinate,Year,Updated On,Latitude,Longitude,Location
11034701,JA366925,1/1/2001 11:00,016XX E 86TH PL,1153,DECEPTIVE PRACTICE,FINANCIAL IDENTITY THEFT OVER $ 300,RESIDENCE,FALSE,FALSE,412,4,8,45,11,,,2001,8/5/2017 15:50,,,
11227287,JB147188,10/8/2017 3:00,092XX S RACINE AVE,281,CRIM SEXUAL ASSAULT,NON-AGGRAVATED,RESIDENCE,FALSE,FALSE,2222,22,21,73,2,,,2017,2/11/2018 15:57,,,
11227583,JB147595,3/28/2017 14:00,026XX W 79TH ST,620,BURGLARY,UNLAWFUL ENTRY,OTHER,FALSE,FALSE,835,8,18,70,5,,,2017,2/11/2018 15:57,,,
11227293,JB147230,9/9/2017 20:17,060XX S EBERHART AVE,810,THEFT,OVER $500,RESIDENCE,FALSE,FALSE,313,3,20,42,6,,,2017,2/11/2018 15:57,,,
11227634,JB147599,8/26/2017 10:00,001XX W RANDOLPH ST,281,CRIM SEXUAL ASSAULT,NON-AGGRAVATED,HOTEL/MOTEL,FALSE,FALSE,122,1,42,32,2,,,2017,2/11/2018 15:57,,,
11227517,JB138481,2/10/2013 0:00,071XX S LAFAYETTE AVE,266,CRIM SEXUAL ASSAULT,PREDATORY,RESIDENCE,FALSE,FALSE,731,7,6,69,2,,,2013,2/11/2018 15:57,,,
11227503,JB146383,1/1/2015 0:01,061XX S KILBOURN AVE,1751,OFFENSE INVOLVING CHILDREN,CRIM SEX ABUSE BY FAM MEMBER,RESIDENCE,FALSE,TRUE,813,8,13,65,17,,,2015,4/12/2019 16:00,,,
11227508,JB146365,1/1/2017 0:01,027XX S WHIPPLE ST,1754,OFFENSE INVOLVING CHILDREN,AGG SEX ASSLT OF CHILD FAM MBR,RESIDENCE,FALSE,FALSE,1033,10,12,30,2,,,2017,2/11/2018 15:57,,,
11022695,JA353568,7/17/2017 10:10,021XX W MC LEAN AVE,810,THEFT,OVER $500,RESIDENCE,FALSE,FALSE,1432,14,32,22,6,,,2017,7/24/2017 15:54,,,
11227633,JB147500,12/28/2017 15:55,011XX S MICHIGAN AVE,1153,DECEPTIVE PRACTICE,FINANCIAL IDENTITY THEFT OVER $ 300,,FALSE,FALSE,123,1,2,32,11,,,2017,2/11/2018 15:57,,,
11227586,JB147613,2/10/2017 12:00,089XX S COTTAGE GROVE AVE,1310,CRIMINAL DAMAGE,TO PROPERTY,APARTMENT,FALSE,FALSE,633,6,8,44,14,,,2017,2/11/2018 15:57,,,
11227475,JB147314,11/22/2017 2:42,056XX N CHRISTIANA AVE,2826,OTHER OFFENSE,HARASSMENT BY ELECTRONIC MEANS,APARTMENT,FALSE,TRUE,1711,17,39,13,26,,,2017,2/11/2018 15:57,,,
11227247,JB147078,1/1/2012 9:00,105XX S INDIANAPOLIS AVE,1153,DECEPTIVE PRACTICE,FINANCIAL IDENTITY THEFT OVER $ 300,RESIDENCE,FALSE,FALSE,432,4,10,52,11,,,2012,2/11/2018 15:57,,,
11036284,JA370282,7/29/2017 15:40,014XX W Devon Ave,820,THEFT,$500 AND UNDER,SIDEWALK,FALSE,FALSE,2432,24,40,1,6,,,2017,8/5/2017 15:50,,,
11227509,JB146413,1/22/2017 0:01,079XX S JEFFERY BLVD,1752,OFFENSE INVOLVING CHILDREN,AGG CRIM SEX ABUSE FAM MEMBER,APARTMENT,FALSE,FALSE,414,4,8,46,20,,,2017,2/11/2018 15:57,,,
11227407,JB147329,10/14/2017 0:01,037XX N SOUTHPORT AVE,1150,DECEPTIVE PRACTICE,CREDIT CARD FRAUD,OTHER,FALSE,FALSE,1922,19,44,6,11,,,2017,2/22/2018 15:56,,,
11028056,JA359834,10/15/2014 15:00,047XX S PULASKI RD,1153,DECEPTIVE PRACTICE,FINANCIAL IDENTITY THEFT OVER $ 300,PARKING LOT/GARAGE(NON.RESID.),FALSE,FALSE,821,8,14,57,11,,,2014,7/24/2017 15:54,,,
5253983,HM665450,10/17/2006 13:05,052XX W HURON ST,2017,NARCOTICS,MANU/DELIVER:CRACK,STREET,TRUE,FALSE,1524,15,28,25,18,,,2006,8/17/2015 15:03,,,
11028299,JA360073,5/30/2015 0:00,074XX S HARVARD AVE,1753,OFFENSE INVOLVING CHILDREN,SEX ASSLT OF CHILD BY FAM MBR,RESIDENCE,FALSE,TRUE,731,7,17,69,2,,,2015,5/15/2018 15:52,,,
11028290,JA360134,5/30/2015 0:00,074XX S HARVARD AVE,1753,OFFENSE INVOLVING CHILDREN,SEX ASSLT OF CHILD BY FAM MBR,RESIDENCE,FALSE,TRUE,731,7,17,69,2,,,2015,5/22/2018 16:05,,,
11041422,JA375398,7/29/2017 10:00,022XX W WINNEMAC AVE,810,THEFT,OVER $500,RESIDENCE-GARAGE,FALSE,FALSE,2031,20,47,4,6,,,2017,8/5/2017 15:50,,,
11042125,JA376558,12/16/2011 0:00,003XX W 64TH ST,1153,DECEPTIVE PRACTICE,FINANCIAL IDENTITY THEFT OVER $ 300,HOSPITAL BUILDING/GROUNDS,FALSE,FALSE,722,7,20,68,11,,,2011,8/5/2017 15:50,,,
11042141,JA376559,5/16/2013 0:00,003XX W 64TH ST,1154,DECEPTIVE PRACTICE,FINANCIAL IDENTITY THEFT $300 AND UNDER,HOSPITAL BUILDING/GROUNDS,FALSE,FALSE,722,7,20,68,11,,,2013,8/5/2017 15:50,,,
11039126,JA371798,1/1/2007 0:01,009XX N DRAKE AVE,266,CRIM SEXUAL ASSAULT,PREDATORY,RESIDENCE,FALSE,FALSE,1121,11,27,23,2,,,2007,10/21/2017 15:44,,,
11042582,JA377037,1/1/2011 0:01,054XX S CALIFORNIA AVE,1754,OFFENSE INVOLVING CHILDREN,AGG SEX ASSLT OF CHILD FAM MBR,APARTMENT,TRUE,TRUE,923,9,14,63,2,,,2011,8/13/2017 15:50,,,
11042759,JA376850,7/8/2013 16:10,056XX N KENMORE AVE,1153,DECEPTIVE PRACTICE,FINANCIAL IDENTITY THEFT OVER $ 300,,FALSE,FALSE,2022,20,48,77,11,,,2013,8/5/2017 15:50,,,
11042763,JA376821,7/27/2017 1:00,019XX W AINSLIE ST,890,THEFT,FROM BUILDING,APARTMENT,FALSE,FALSE,2032,20,47,4,6,,,2017,8/5/2017 15:50,,,
11227495,JB147292,3/20/2014 9:00,003XX E ERIE ST,1154,DECEPTIVE PRACTICE,FINANCIAL IDENTITY THEFT $300 AND UNDER,RESIDENCE,FALSE,FALSE,1834,18,42,8,11,,,2014,2/11/2018 15:57,,,
11042867,JA374764,1/1/2015 0:01,086XX S MANISTEE AVE,266,CRIM SEXUAL ASSAULT,PREDATORY,RESIDENCE,FALSE,FALSE,423,4,7,46,2,,,2015,8/5/2017 15:50,,,
11042911,JA376915,1/1/2013 12:00,034XX N WESTERN AVE,1154,DECEPTIVE PRACTICE,FINANCIAL IDENTITY THEFT $300 AND UNDER,BANK,FALSE,FALSE,1921,19,47,5,11,,,2013,8/5/2017 15:50,,,
11042930,JA374409,1/1/2010 0:01,080XX S MARSHFIELD AVE,266,CRIM SEXUAL ASSAULT,PREDATORY,RESIDENCE,FALSE,FALSE,611,6,21,71,2,,,2010,8/5/2017 15:50,,,
11042931,JA374193,1/1/2015 0:01,069XX S STEWART AVE,1562,SEX OFFENSE,AGG CRIMINAL SEXUAL ABUSE,RESIDENCE,FALSE,FALSE,731,7,6,68,17,,,2015,8/5/2017 15:50,,,
11042934,JA374701,1/27/2015 0:01,044XX S CALUMET AVE,266,CRIM SEXUAL ASSAULT,PREDATORY,RESIDENCE,FALSE,FALSE,215,2,3,38,2,,,2015,8/5/2017 15:50,,,
11042861,JA374153,1/1/2007 0:01,026XX W 21ST ST,266,CRIM SEXUAL ASSAULT,PREDATORY,RESIDENCE,FALSE,FALSE,1023,10,28,30,2,,,2007,10/21/2017 15:44,,,
11042901,JA374744,4/1/2015 0:01,051XX S MARSHFIELD AVE,291,CRIM SEXUAL ASSAULT,ATTEMPT NON-AGGRAVATED,APARTMENT,FALSE,FALSE,932,9,16,61,2,,,2015,8/12/2017 15:48,,,
11042927,JA374449,1/1/2015 0:01,022XX N AVERS AVE,1750,OFFENSE INVOLVING CHILDREN,CHILD ABUSE,RESIDENCE,FALSE,TRUE,2525,25,30,22,20,,,2015,8/25/2017 15:48,,,
11227505,JB146342,6/1/2017 0:01,115XX S ABERDEEN ST,1751,OFFENSE INVOLVING CHILDREN,CRIM SEX ABUSE BY FAM MEMBER,RESIDENCE,FALSE,TRUE,524,5,34,53,17,,,2017,9/4/2019 16:07,,,
11042183,JA376593,7/12/2001 0:01,024XX N LUNA AVE,266,CRIMINAL SEXUAL ASSAULT,PREDATORY,RESIDENCE,FALSE,TRUE,2515,25,30,19,2,,,2001,3/21/2020 15:44,,,
11042914,JA374555,1/1/2008 0:01,011XX S WHIPPLE ST,281,CRIM SEXUAL ASSAULT,NON-AGGRAVATED,RESIDENCE,FALSE,TRUE,1134,11,28,29,2,,,2008,8/19/2017 15:48,,,
11042939,JA376124,1/1/2015 0:01,049XX S LECLAIRE AVE,281,CRIM SEXUAL ASSAULT,NON-AGGRAVATED,RESIDENCE,FALSE,FALSE,814,8,23,56,2,,,2015,8/5/2017 15:50,,,
11043021,JA367631,10/19/2016 19:00,075XX S YATES BLVD,610,BURGLARY,FORCIBLE ENTRY,RESTAURANT,FALSE,FALSE,421,4,7,43,5,,,2016,8/5/2017 15:50,,,
11042905,JA374476,1/1/2003 0:01,056XX S ARTESIAN AVE,1563,SEX OFFENSE,CRIMINAL SEXUAL ABUSE,RESIDENCE,FALSE,FALSE,824,8,15,63,17,,,2003,10/27/2018 16:00,,,
11227569,JB147582,10/1/2017 0:00,004XX E 71ST ST,1582,OFFENSE INVOLVING CHILDREN,CHILD PORNOGRAPHY,APARTMENT,FALSE,FALSE,323,3,6,69,17,,,2017,2/11/2018 15:57,,,
11042938,JA377035,1/1/2007 0:01,019XX N HARLEM AVE,266,CRIM SEXUAL ASSAULT,PREDATORY,DAY CARE CENTER,FALSE,FALSE,2513,25,36,25,2,,,2007,8/19/2017 15:48,,,
11227513,JB137941,9/1/2017 9:00,030XX W HARRISON ST,1562,SEX OFFENSE,AGG CRIMINAL SEXUAL ABUSE,"SCHOOL, PUBLIC, BUILDING",FALSE,FALSE,1134,11,28,27,17,,,2017,2/11/2018 15:57,,,
11223717,JB141803,2/4/2018 15:25,044XX W WASHINGTON BLVD,1153,DECEPTIVE PRACTICE,FINANCIAL IDENTITY THEFT OVER $ 300,,FALSE,FALSE,1113,11,28,26,11,,,2018,2/11/2018 15:57,,,
1744168,G553545,9/15/2001 2:00,013XX W POLK ST,460,BATTERY,SIMPLE,STREET,FALSE,FALSE,1213,12,,,08B,,,2001,8/17/2015 15:03,,,
10581023,HZ329792,9/1/2014 8:00,0000X E LAKE ST,1140,DECEPTIVE PRACTICE,EMBEZZLEMENT,OTHER,TRUE,FALSE,111,1,42,32,12,,,2014,3/1/2018 15:52,,,
1833988,G666677,11/2/2001 18:30,002XX W CONGRESS PW,810,THEFT,OVER $500,OTHER,FALSE,FALSE,131,1,,,6,,,2001,8/17/2015 15:03,,,
11243066,JB168427,3/29/2016 7:00,067XX S RIDGELAND AVE,1153,DECEPTIVE PRACTICE,FINANCIAL IDENTITY THEFT OVER $ 300,OTHER,FALSE,FALSE,332,3,5,43,11,,,2016,3/1/2018 15:54,,,
11243056,JB168410,12/13/2017 0:01,005XX W OHARE ST,810,THEFT,OVER $500,AIRPORT BUILDING NON-TERMINAL - SECURE AREA,FALSE,FALSE,1654,16,41,76,6,,,2017,3/1/2018 15:54,,,
11243415,JB168962,12/18/2017 9:00,025XX W BIRCHWOOD AVE,1150,DECEPTIVE PRACTICE,CREDIT CARD FRAUD,APARTMENT,FALSE,FALSE,2411,24,50,2,11,,,2017,3/1/2018 15:54,,,
11243873,JB168420,2/28/2017 0:00,110XX S VERNON AVE,265,CRIM SEXUAL ASSAULT,AGGRAVATED: OTHER,"SCHOOL, PUBLIC, BUILDING",FALSE,FALSE,513,5,9,49,2,,,2017,3/1/2018 15:54,,,
11243020,HZ184094,3/11/2016 23:00,052XX N ST LOUIS AVE,281,CRIM SEXUAL ASSAULT,NON-AGGRAVATED,RESIDENCE PORCH/HALLWAY,FALSE,FALSE,1712,17,39,13,2,,,2016,3/1/2018 15:54,,,
11243109,JB168444,12/14/2017 12:15,020XX S CLARK ST,2825,OTHER OFFENSE,HARASSMENT BY TELEPHONE,APARTMENT,FALSE,FALSE,131,1,3,33,26,,,2017,3/1/2018 15:54,,,
11243511,JB168893,2/20/2018 16:21,005XX W ARLINGTON PL,820,THEFT,$500 AND UNDER,RESIDENCE PORCH/HALLWAY,FALSE,FALSE,1935,19,43,7,6,,,2018,3/1/2018 15:54,,,
11243026,JB168257,11/15/2017 14:00,012XX W ARTHINGTON ST,1150,DECEPTIVE PRACTICE,CREDIT CARD FRAUD,RESIDENCE,FALSE,FALSE,1231,12,2,28,11,,,2017,3/1/2018 15:54,,,
11243839,JB165874,11/5/2017 8:00,084XX S PARNELL AVE,820,THEFT,$500 AND UNDER,RESIDENTIAL YARD (FRONT/BACK),FALSE,FALSE,622,6,21,71,6,,,2017,3/1/2018 15:54,,,
11243258,JB167849,1/1/2017 0:01,045XX N HAMLIN AVE,1752,OFFENSE INVOLVING CHILDREN,AGG CRIM SEX ABUSE FAM MEMBER,APARTMENT,FALSE,TRUE,1723,17,39,14,20,,,2017,5/15/2018 15:52,,,
11242963,JB168261,11/1/2014 9:00,009XX N TRUMBULL AVE,1153,DECEPTIVE PRACTICE,FINANCIAL IDENTITY THEFT OVER $ 300,RESIDENCE,FALSE,FALSE,1121,11,27,23,11,,,2014,3/1/2018 15:54,,,
11243412,JB168772,8/24/2017 15:18,057XX S CICERO AVE,810,THEFT,OVER $500,RESTAURANT,TRUE,FALSE,813,8,23,56,6,,,2017,3/15/2018 15:53,,,
11243580,JB169163,8/17/2017 10:00,061XX N NORTHWEST HWY,890,THEFT,FROM BUILDING,BAR OR TAVERN,FALSE,FALSE,1611,16,41,10,6,,,2017,3/1/2018 15:54,,,
1896258,G749215,12/15/2001 2:00,011XX N STATE ST,460,BATTERY,SIMPLE,STREET,FALSE,FALSE,1824,18,,,08B,,,2001,8/17/2015 15:03,,,
11243268,JB167760,1/1/2017 0:01,047XX N CLARK ST,1562,SEX OFFENSE,AGG CRIMINAL SEXUAL ABUSE,APARTMENT,FALSE,FALSE,1913,19,47,3,17,,,2017,9/13/2018 15:56,,,
11223707,JB141873,2/5/2018 0:00,061XX N KENMORE AVE,2820,OTHER OFFENSE,TELEPHONE THREAT,RESIDENCE,FALSE,FALSE,2433,24,48,77,26,,,2018,2/12/2018 15:49,,,
11227940,JB148122,1/1/2016 11:00,108XX S CALUMET AVE,1154,DECEPTIVE PRACTICE,FINANCIAL IDENTITY THEFT $300 AND UNDER,RESIDENCE,FALSE,FALSE,513,5,9,49,11,,,2016,2/12/2018 15:49,,,
11228287,JB148482,1/3/2018 15:45,0000X W C1 ST,810,THEFT,OVER $500,AIRPORT TERMINAL LOWER LEVEL - NON-SECURE AREA,FALSE,FALSE,1651,16,41,76,6,,,2018,2/12/2018 15:49,,,
11037549,JA371812,7/30/2017 4:00,004XX N DEARBORN ST,870,THEFT,POCKET-PICKING,ALLEY,FALSE,FALSE,1831,18,42,8,6,,,2017,8/6/2017 15:53,,,
11227960,JB148137,10/20/2017 9:00,008XX N PAULINA ST,2826,OTHER OFFENSE,HARASSMENT BY ELECTRONIC MEANS,RESIDENCE,FALSE,TRUE,1213,12,1,24,26,,,2017,2/12/2018 15:49,,,
11228593,JB149038,3/1/2016 0:00,092XX S WESTERN AVE,2820,OTHER OFFENSE,TELEPHONE THREAT,AUTO / BOAT / RV DEALERSHIP,FALSE,FALSE,2221,22,19,72,26,,,2016,2/12/2018 15:49,,,
11228565,JB148941,12/16/2017 14:30,102XX S EBERHART AVE,610,BURGLARY,FORCIBLE ENTRY,VACANT LOT/LAND,FALSE,FALSE,511,5,9,49,5,,,2017,2/12/2018 15:49,,,
11043823,JA378025,8/11/2013 17:00,004XX N CLARK ST,820,THEFT,$500 AND UNDER,RESTAURANT,FALSE,FALSE,1831,18,42,8,6,,,2013,8/6/2017 15:53,,,
11043900,JA378845,9/30/2015 19:45,030XX N KNOX AVE,810,THEFT,OVER $500,WAREHOUSE,FALSE,FALSE,2521,25,31,19,6,,,2015,8/6/2017 15:53,,,
11228293,JB148253,7/1/2017 20:40,060XX S TALMAN AVE,1153,DECEPTIVE PRACTICE,FINANCIAL IDENTITY THEFT OVER $ 300,,FALSE,FALSE,825,8,15,66,11,,,2017,2/12/2018 15:49,,,
11029364,JA361501,5/10/2014 8:00,077XX S KINGSTON AVE,1153,DECEPTIVE PRACTICE,FINANCIAL IDENTITY THEFT OVER $ 300,OTHER,FALSE,FALSE,421,4,7,43,11,,,2014,7/25/2017 15:48,,,
11243391,JB168811,12/30/2017 0:01,0000X E LAKE ST,1153,DECEPTIVE PRACTICE,FINANCIAL IDENTITY THEFT OVER $ 300,OTHER,FALSE,FALSE,111,1,42,32,11,,,2017,3/1/2018 15:54,,,
11029405,JA361556,10/1/2014 7:00,018XX N ST LOUIS AVE,1154,DECEPTIVE PRACTICE,FINANCIAL IDENTITY THEFT $300 AND UNDER,APARTMENT,FALSE,FALSE,1422,14,26,22,11,,,2014,7/25/2017 15:48,,,
11029462,JA361647,7/1/2013 12:00,060XX N ALBANY AVE,1153,DECEPTIVE PRACTICE,FINANCIAL IDENTITY THEFT OVER $ 300,RESIDENCE,FALSE,FALSE,2413,24,50,2,11,,,2013,7/25/2017 15:48,,,
11029532,JA361567,12/1/2013 21:00,021XX N MULLIGAN AVE,265,CRIM SEXUAL ASSAULT,AGGRAVATED: OTHER,RESIDENCE,FALSE,TRUE,2512,25,29,19,2,,,2013,7/25/2017 15:48,,,
11228256,JB148524,9/7/2017 18:00,035XX N WILTON AVE,1153,DECEPTIVE PRACTICE,FINANCIAL IDENTITY THEFT OVER $ 300,RESIDENCE,FALSE,FALSE,1924,19,44,6,11,,,2017,2/12/2018 15:49,,,
11029711,JA361905,9/1/2014 10:00,061XX S EBERHART AVE,1153,DECEPTIVE PRACTICE,FINANCIAL IDENTITY THEFT OVER $ 300,RESIDENCE,FALSE,FALSE,313,3,20,42,11,,,2014,7/25/2017 15:48,,,
11029673,JA361846,1/24/2009 18:00,024XX W 46TH ST,1752,OFFENSE INVOLVING CHILDREN,AGG CRIM SEX ABUSE FAM MEMBER,RESIDENCE,TRUE,FALSE,922,9,12,58,20,,,2009,2/8/2018 15:48,,,
11228573,JB148940,11/1/2017 15:00,004XX E 33RD ST,2825,OTHER OFFENSE,HARASSMENT BY TELEPHONE,RESIDENCE,FALSE,TRUE,211,2,4,35,26,,,2017,2/12/2018 15:49,,,
9771966,HX347197,7/16/2014 10:50,063XX S COTTAGE GROVE AVE,1821,NARCOTICS,MANU/DEL:CANNABIS 10GM OR LESS,VEHICLE NON-COMMERCIAL,TRUE,FALSE,312,3,20,42,18,,,2014,7/25/2017 15:48,,,
9715284,HX282369,5/30/2014 11:06,029XX W WILCOX ST,2027,NARCOTICS,POSS: CRACK,APARTMENT,TRUE,FALSE,1124,11,2,27,18,,,2014,7/25/2017 15:46,,,
11228094,JB148335,11/20/2017 15:00,055XX N CHRISTIANA AVE,1156,DECEPTIVE PRACTICE,ATTEMPT - FINANCIAL IDENTITY THEFT,POOL ROOM,FALSE,FALSE,1712,17,40,13,11,,,2017,2/12/2018 15:49,,,
11228056,JB148123,11/21/2017 12:00,028XX N SACRAMENTO AVE,1152,DECEPTIVE PRACTICE,ILLEGAL USE CASH CARD,APARTMENT,FALSE,FALSE,1411,14,35,21,11,,,2017,2/12/2018 15:49,,,
11228588,JB149037,6/4/2012 12:00,037XX W 85TH PL,1154,DECEPTIVE PRACTICE,FINANCIAL IDENTITY THEFT $300 AND UNDER,RESIDENCE,FALSE,FALSE,834,8,18,70,11,,,2012,2/12/2018 15:49,,,
11225457,JB144550,2/5/2018 18:00,013XX N LA SALLE DR,890,THEFT,FROM BUILDING,RESIDENCE-GARAGE,FALSE,FALSE,1821,18,43,8,6,,,2018,2/12/2018 15:49,,,
11243635,JB169214,8/31/2017 0:00,039XX W VAN BUREN ST,1150,DECEPTIVE PRACTICE,CREDIT CARD FRAUD,APARTMENT,FALSE,TRUE,1132,11,24,26,11,,,2017,3/1/2018 15:54,,,
11244245,JB167262,10/10/2017 19:27,085XX S CARPENTER ST,820,THEFT,$500 AND UNDER,RESIDENCE,FALSE,FALSE,613,6,21,71,6,,,2017,3/2/2018 15:54,,,
11242929,JB168310,1/1/2015 0:00,049XX S COTTAGE GROVE AVE,1153,DECEPTIVE PRACTICE,FINANCIAL IDENTITY THEFT OVER $ 300,APARTMENT,FALSE,FALSE,223,2,4,39,11,,,2015,3/1/2018 15:54,,,
11243481,JB168909,11/4/2017 22:00,064XX S DR MARTIN LUTHER KING JR DR,5002,OTHER OFFENSE,OTHER VEHICLE OFFENSE,STREET,FALSE,FALSE,312,3,20,69,26,,,2017,3/1/2018 15:54,,,
11243284,JB168734,12/28/2017 9:00,064XX N BELL AVE,1153,DECEPTIVE PRACTICE,FINANCIAL IDENTITY THEFT OVER $ 300,RESIDENCE,FALSE,FALSE,2412,24,50,2,11,,,2017,3/1/2018 15:54,,,
11242965,JB168370,12/28/2017 14:00,027XX N HAMPDEN CT,1153,DECEPTIVE PRACTICE,FINANCIAL IDENTITY THEFT OVER $ 300,RESIDENCE,FALSE,FALSE,1935,19,43,7,11,,,2017,3/1/2018 15:54,,,
11243493,JB169102,8/4/2017 15:00,003XX E RANDOLPH ST,810,THEFT,OVER $500,PARK PROPERTY,FALSE,FALSE,114,1,42,32,6,,,2017,3/1/2018 15:54,,,
11243514,JB168799,11/12/2014 0:00,107XX S PEORIA ST,1153,DECEPTIVE PRACTICE,FINANCIAL IDENTITY THEFT OVER $ 300,,FALSE,FALSE,2233,22,34,75,11,,,2014,3/1/2018 15:54,,,
11037536,JA371293,7/31/2017 8:05,004XX N MC CLURG CT,1310,CRIMINAL DAMAGE,TO PROPERTY,BOAT/WATERCRAFT,FALSE,FALSE,1834,18,42,8,14,,,2017,8/7/2017 15:52,,,
11243040,JB167177,12/12/2017 12:00,033XX W 47TH ST,890,THEFT,FROM BUILDING,WAREHOUSE,FALSE,FALSE,821,8,14,58,6,,,2017,3/1/2018 15:54,,,
11024203,JA354900,7/19/2017 7:15,0000X E WASHINGTON ST,890,THEFT,FROM BUILDING,RESTAURANT,FALSE,FALSE,112,1,42,32,6,,,2017,7/26/2017 15:56,,,
11242979,JB168283,1/1/2017 9:00,010XX W WASHINGTON BLVD,1154,DECEPTIVE PRACTICE,FINANCIAL IDENTITY THEFT $300 AND UNDER,OTHER,FALSE,FALSE,1224,12,27,28,11,,,2017,3/1/2018 15:54,,,
11243119,JB168573,11/2/2017 13:00,063XX N MOZART ST,2825,OTHER OFFENSE,HARASSMENT BY TELEPHONE,APARTMENT,FALSE,FALSE,2413,24,50,2,26,,,2017,3/1/2018 15:54,,,
11243494,JB168634,11/15/2017 19:16,097XX S AVENUE J,1154,DECEPTIVE PRACTICE,FINANCIAL IDENTITY THEFT $300 AND UNDER,RESIDENCE,FALSE,FALSE,432,4,10,52,11,,,2017,3/1/2018 15:54,,,
2370646,HH676216,9/26/2002 13:30,034XX W 79TH ST,460,BATTERY,SIMPLE,STREET,FALSE,FALSE,835,8,18,70,08B,,,2002,8/17/2015 15:03,,,
2378227,HH686534,10/1/2002 19:00,022XX W NORTH AVE,910,MOTOR VEHICLE THEFT,AUTOMOBILE,STREET,FALSE,FALSE,1424,14,1,24,7,,,2002,8/17/2015 15:03,,,
11243419,JB168945,6/1/2017 12:00,071XX W ARMITAGE AVE,460,BATTERY,SIMPLE,RESIDENCE,FALSE,TRUE,2513,25,36,25,08B,,,2017,3/21/2018 15:58,,,
11038898,JA372967,8/1/2017 14:25,025XX S DR MARTIN LUTHER KING JR DR,890,THEFT,FROM BUILDING,MEDICAL/DENTAL OFFICE,FALSE,FALSE,133,1,2,33,6,,,2017,8/8/2017 15:53,,,
11030881,JA362444,7/8/2017 18:00,003XX E OHIO ST,890,THEFT,FROM BUILDING,RESTAURANT,FALSE,FALSE,1834,18,42,8,6,,,2017,7/26/2017 15:56,,,
11031104,JA362043,7/24/2008 0:01,031XX W FILLMORE ST,1563,SEX OFFENSE,CRIMINAL SEXUAL ABUSE,APARTMENT,FALSE,TRUE,1134,11,24,29,17,,,2008,7/26/2017 15:56,,,
11031226,JA362537,8/4/2009 12:00,073XX S YATES BLVD,1153,DECEPTIVE PRACTICE,FINANCIAL IDENTITY THEFT OVER $ 300,RESIDENCE,FALSE,FALSE,334,3,7,43,11,,,2009,7/26/2017 15:56,,,
11227476,JB147378,12/18/2017 12:00,053XX N LINDER AVE,1152,DECEPTIVE PRACTICE,ILLEGAL USE CASH CARD,APARTMENT,FALSE,FALSE,1623,16,45,11,11,,,2017,2/13/2018 15:56,,,
2439013,HH761070,11/5/2002 16:40,063XX S ROCKWELL ST,031A,ROBBERY,ARMED: HANDGUN,STREET,TRUE,FALSE,825,8,15,66,3,,,2002,8/17/2015 15:03,,,
11030960,JA363404,1/1/2009 0:00,007XX W 81ST ST,266,CRIM SEXUAL ASSAULT,PREDATORY,RESIDENCE,TRUE,FALSE,621,6,21,71,2,,,2009,10/28/2017 15:50,,,
11044965,JA379380,6/28/2013 12:00,020XX N MILWAUKEE AVE,1153,DECEPTIVE PRACTICE,FINANCIAL IDENTITY THEFT OVER $ 300,,FALSE,FALSE,1431,14,1,22,11,,,2013,8/7/2017 15:52,,,
10751224,HZ513641,1/1/2012 8:00,010XX S MAYFIELD AVE,1752,OFFENSE INVOLVING CHILDREN,AGG CRIM SEX ABUSE FAM MEMBER,RESIDENCE,FALSE,FALSE,1513,15,29,25,20,,,2012,7/27/2017 15:50,,,
11228873,JB149562,7/1/2017 0:00,019XX W ROSCOE ST,1153,DECEPTIVE PRACTICE,FINANCIAL IDENTITY THEFT OVER $ 300,RESIDENCE,FALSE,FALSE,1922,19,32,5,11,,,2017,2/13/2018 15:58,,,
11228656,JB149151,1/1/2017 6:00,081XX S ELLIS AVE,1153,DECEPTIVE PRACTICE,FINANCIAL IDENTITY THEFT OVER $ 300,RESIDENCE,FALSE,FALSE,631,6,8,44,11,,,2017,2/13/2018 15:58,,,
11228801,JB149421,12/1/2016 0:01,060XX S PRAIRIE AVE,1153,DECEPTIVE PRACTICE,FINANCIAL IDENTITY THEFT OVER $ 300,RESIDENCE,FALSE,FALSE,311,3,20,40,11,,,2016,2/13/2018 15:58,,,
11228690,JB149220,6/30/2017 0:00,001XX N CENTRAL AVE,4650,OTHER OFFENSE,SEX OFFENDER: FAIL TO REGISTER,RESIDENCE,TRUE,FALSE,1523,15,29,25,26,,,2017,3/6/2018 15:56,,,
11229320,JB150109,9/29/2017 18:30,058XX N CUMBERLAND AVE,820,THEFT,$500 AND UNDER,CTA STATION,FALSE,FALSE,1614,16,41,76,6,,,2017,2/13/2018 15:58,,,
11228723,JB149162,11/1/2017 6:00,016XX W AINSLIE ST,1153,DECEPTIVE PRACTICE,FINANCIAL IDENTITY THEFT OVER $ 300,APARTMENT,FALSE,FALSE,2032,20,47,3,11,,,2017,2/13/2018 15:58,,,
11228897,JB149633,9/1/2017 8:00,022XX N LOCKWOOD AVE,1154,DECEPTIVE PRACTICE,FINANCIAL IDENTITY THEFT $300 AND UNDER,RESIDENCE,FALSE,FALSE,2515,25,37,19,11,,,2017,2/13/2018 15:58,,,
11228780,JB149380,11/23/2017 12:30,007XX N AVERS AVE,610,BURGLARY,FORCIBLE ENTRY,RESIDENCE,FALSE,FALSE,1112,11,27,23,5,,,2017,2/13/2018 15:58,,,
11228908,JB149546,8/9/2017 22:55,063XX N SHERIDAN RD,1320,CRIMINAL DAMAGE,TO VEHICLE,RESIDENCE-GARAGE,FALSE,FALSE,2433,24,49,77,14,,,2017,2/13/2018 15:58,,,
11229073,JB149473,9/13/2017 13:40,031XX W AUGUSTA BLVD,1153,DECEPTIVE PRACTICE,FINANCIAL IDENTITY THEFT OVER $ 300,,FALSE,FALSE,1211,12,26,23,11,,,2017,2/13/2018 15:58,,,
11229204,JB149993,4/1/2016 0:00,005XX N KINGSBURY ST,1153,DECEPTIVE PRACTICE,FINANCIAL IDENTITY THEFT OVER $ 300,RESIDENCE,FALSE,FALSE,1831,18,42,8,11,,,2016,2/17/2018 15:52,,,
11228685,JB149208,1/1/2017 12:00,108XX S FOREST AVE,1153,DECEPTIVE PRACTICE,FINANCIAL IDENTITY THEFT OVER $ 300,RESIDENCE,FALSE,FALSE,513,5,9,49,11,,,2017,2/13/2018 15:58,,,
11228964,JB149656,12/24/2017 2:00,005XX S STATE ST,330,ROBBERY,AGGRAVATED,CONVENIENCE STORE,FALSE,FALSE,123,1,2,32,3,,,2017,2/13/2018 15:58,,,
11228710,JB149234,3/27/2017 0:01,031XX W AUGUSTA BLVD,1153,DECEPTIVE PRACTICE,FINANCIAL IDENTITY THEFT OVER $ 300,APARTMENT,FALSE,FALSE,1211,12,26,23,11,,,2017,2/13/2018 15:58,,,
11228889,JB149527,11/1/2017 0:01,076XX S CLYDE AVE,2820,OTHER OFFENSE,TELEPHONE THREAT,RESIDENCE,FALSE,FALSE,414,4,8,43,26,,,2017,2/13/2018 15:58,,,
11228628,JB149091,11/22/2017 0:01,080XX S MANISTEE AVE,4651,OTHER OFFENSE,SEX OFFENDER: FAIL REG NEW ADD,RESIDENCE,FALSE,FALSE,422,4,7,46,26,,,2017,2/13/2018 15:58,,,
11025521,JA356285,7/20/2017 4:15,011XX W WOLFRAM ST,810,THEFT,OVER $500,RESIDENTIAL YARD (FRONT/BACK),FALSE,FALSE,1933,19,44,6,6,,,2017,7/27/2017 15:50,,,
11229067,JB149469,8/12/2017 14:45,043XX S MICHIGAN AVE,1153,DECEPTIVE PRACTICE,FINANCIAL IDENTITY THEFT OVER $ 300,,FALSE,FALSE,215,2,3,38,11,,,2017,2/13/2018 15:58,,,
11228887,JB149545,12/29/2017 17:00,087XX S ASHLAND AVE,810,THEFT,OVER $500,RESTAURANT,FALSE,FALSE,2221,22,21,71,6,,,2017,2/13/2018 15:58,,,
11229088,JB149417,5/16/2017 12:20,011XX W PRATT BLVD,1153,DECEPTIVE PRACTICE,FINANCIAL IDENTITY THEFT OVER $ 300,,FALSE,FALSE,2431,24,49,1,11,,,2017,2/13/2018 15:58,,,
11229244,JB150022,12/16/2017 9:30,028XX W SUMMERDALE AVE,560,ASSAULT,SIMPLE,RESIDENTIAL YARD (FRONT/BACK),FALSE,FALSE,2011,20,40,4,08A,,,2017,2/13/2018 15:58,,,
11229066,JB149425,6/1/2014 0:00,079XX S DREXEL AVE,1153,DECEPTIVE PRACTICE,FINANCIAL IDENTITY THEFT OVER $ 300,,FALSE,FALSE,624,6,8,44,11,,,2014,2/13/2018 15:58,,,
11224569,JB143064,2/6/2018 8:01,035XX S ARCHER AVE,560,ASSAULT,SIMPLE,VEHICLE NON-COMMERCIAL,FALSE,FALSE,912,9,11,59,08A,,,2018,2/13/2018 15:58,,,
11228877,JB149540,10/23/2017 16:00,066XX N MAPLEWOOD AVE,1153,DECEPTIVE PRACTICE,FINANCIAL IDENTITY THEFT OVER $ 300,APARTMENT,FALSE,FALSE,2412,24,50,2,11,,,2017,2/13/2018 15:58,,,
11228666,JB149148,1/1/2013 0:01,060XX W BYRON ST,266,CRIM SEXUAL ASSAULT,PREDATORY,VEHICLE NON-COMMERCIAL,FALSE,FALSE,1633,16,38,17,2,,,2013,2/13/2018 15:58,,,
11228645,JB149128,9/14/2015 0:01,021XX N MOODY AVE,1710,OFFENSE INVOLVING CHILDREN,ENDANGERING LIFE/HEALTH CHILD,RESIDENCE,FALSE,FALSE,2512,25,29,19,20,,,2015,2/13/2018 15:58,,,
11228604,JB149032,12/14/2017 18:30,063XX S STONY ISLAND AVE,810,THEFT,OVER $500,ATHLETIC CLUB,FALSE,FALSE,314,3,20,42,6,,,2017,2/13/2018 15:58,,,
11038887,JA372625,8/1/2017 6:30,017XX W ESTES AVE,820,THEFT,$500 AND UNDER,RESIDENCE PORCH/HALLWAY,FALSE,FALSE,2423,24,49,1,6,,,2017,8/8/2017 15:53,,,
11228900,JB149617,9/12/2017 9:00,065XX W ADDISON ST,1153,DECEPTIVE PRACTICE,FINANCIAL IDENTITY THEFT OVER $ 300,RESIDENCE,FALSE,FALSE,1632,16,36,17,11,,,2017,2/13/2018 15:58,,,
11031460,JA363955,7/20/2014 23:00,014XX W FILLMORE ST,810,THEFT,OVER $500,RESIDENCE-GARAGE,FALSE,FALSE,1231,12,2,28,6,,,2014,7/27/2017 15:50,,,
11032112,JA364633,10/1/2012 0:00,002XX W WASHINGTON ST,1153,DECEPTIVE PRACTICE,FINANCIAL IDENTITY THEFT OVER $ 300,,FALSE,FALSE,122,1,42,32,11,,,2012,7/27/2017 15:50,,,
9617239,HX123401,1/22/2014 6:00,033XX W FILLMORE ST,2093,NARCOTICS,FOUND SUSPECT NARCOTICS,POLICE FACILITY/VEH PARKING LOT,TRUE,FALSE,1134,11,24,29,18,,,2014,7/29/2017 15:52,,,
11029129,JA361175,4/8/2015 0:00,020XX W DIVISION ST,860,THEFT,RETAIL THEFT,RESTAURANT,FALSE,FALSE,1212,12,1,24,6,,,2015,7/27/2017 15:47,,,
